,annual_season_precpt,annual_season_temp,anonymized_name,carb_nitro_ratio,cmin_rate,collection_date,country,depth,description,dna_extracted,elevation,env_biome,env_feature,host_subject_id,latitude,longitude,ph,physical_specimen_remaining,project_name,public,qiita_study_id,sample_type,silt_clay,soil_moisture_deficit,soil_type,specific_location,texture,title,tot_org_carb,tot_org_nitro
103.CF3,1300,5.3,CF3,17.0,2.912,2008,GAZ:United States of America,0-0.05,soil metagenome,True,800,ENVO:Temperate broadleaf and mixed forest biome,ENVO:forest soil,CF3,42.11666667,-74.1,3.56,False,lauber_88_soils,True,103,XXQIITAXX,77,-858.7,inceptisol,"Catskills, NY USA",silt loam,Pyrosequencing-Based Assessment of Soil pH as a Predictor of Soil Bacterial Community Structure at the Continental Scale,43.3,0.0
103.PE5,5000,23.0,PE5,14.55,25.0,2008,GAZ:Peru,0-0.05,soil metagenome,True,1750,ENVO:Tropical humid forests,ENVO:tropical soil,PE5,-12.63333333,-71.26666667,3.57,False,lauber_88_soils,True,103,XXQIITAXX,70,-1900.0,oxisol,"Manu National Park, Peru",clay loam,Pyrosequencing-Based Assessment of Soil pH as a Predictor of Soil Bacterial Community Structure at the Continental Scale,93.6,0.0
103.BF2,1000,7.8,BF2,15.2,8.718,2008,GAZ:United States of America,0-0.05,soil metagenome,True,390,ENVO:Temperate broadleaf and mixed forest biome,ENVO:forest soil,BF2,41.58333333,-80.05,3.61,False,lauber_88_soils,True,103,XXQIITAXX,56,-451.3,alfisol,"Bousson Forest, PA, USA",loam,Pyrosequencing-Based Assessment of Soil pH as a Predictor of Soil Bacterial Community Structure at the Continental Scale,95.2,0.0
103.CF2,1300,5.3,CF2,19.1,3.0,2008,GAZ:United States of America,0-0.05,soil metagenome,True,800,ENVO:Temperate broadleaf and mixed forest biome,ENVO:forest soil,CF2,41.93333333,-74.35,3.63,False,lauber_88_soils,True,103,XXQIITAXX,28,-858.7,inceptisol,"Catskills, NY USA",sandy loam,Pyrosequencing-Based Assessment of Soil pH as a Predictor of Soil Bacterial Community Structure at the Continental Scale,40.6,0.0
103.CF1,1300,5.3,CF1,13.6,2.266,2008,GAZ:United States of America,0-0.05,soil metagenome,True,800,ENVO:Temperate broadleaf and mixed forest biome,ENVO:forest soil,CF1,42.15833333,-74.25833333,3.92,False,lauber_88_soils,True,103,XXQIITAXX,49,-858.7,inceptisol,"Catskills, NY USA",loam,Pyrosequencing-Based Assessment of Soil pH as a Predictor of Soil Bacterial Community Structure at the Continental Scale,25.6,0.0
103.HF2,1100,7.0,HF2,20.9,10.001,2008,GAZ:United States of America,0-0.05,soil metagenome,True,300,ENVO:Temperate broadleaf and mixed forest biome,ENVO:forest soil,HF2,42.5,-72.16666667,3.98,False,lauber_88_soils,True,103,XXQIITAXX,38,-483.9,inceptisol,"Harvard Forest, MA USA",sandy loam,Pyrosequencing-Based Assessment of Soil pH as a Predictor of Soil Bacterial Community Structure at the Continental Scale,95.5,0.0
103.BF1,1000,7.8,BF1,13.7,7.019,2008,GAZ:United States of America,0-0.05,soil metagenome,True,390,ENVO:Temperate broadleaf and mixed forest biome,ENVO:forest soil,BF1,41.58333333,-80.05,4.05,False,lauber_88_soils,True,103,XXQIITAXX,60,-451.3,alfisol,"Bousson Forest, PA, USA",loam,Pyrosequencing-Based Assessment of Soil pH as a Predictor of Soil Bacterial Community Structure at the Continental Scale,64.4,0.0
103.PE4,6200,17.0,PE4,18.45,15.5,2008,GAZ:Peru,0-0.05,soil metagenome,True,2000,ENVO:Tropical humid forests,ENVO:tropical soil,PE4,-13.08333333,-71.58333333,4.1,False,lauber_88_soils,True,103,XXQIITAXX,32,-3700.0,inceptisol,"Manu National Park, Peru",sandy loam,Pyrosequencing-Based Assessment of Soil pH as a Predictor of Soil Bacterial Community Structure at the Continental Scale,59.5,0.0
103.PE2,2500,12.0,PE2,15.36,14.4,2008,GAZ:Peru,0-0.05,soil metagenome,True,3250,ENVO:Tropical humid forests,ENVO:tropical soil,PE2,-13.08333333,-71.58333333,4.11,False,lauber_88_soils,True,103,XXQIITAXX,34,-2940.0,inceptisol,"Manu National Park, Peru",sandy loam,Pyrosequencing-Based Assessment of Soil pH as a Predictor of Soil Bacterial Community Structure at the Continental Scale,57.4,0.0
103.PE6,4000,25.0,PE6,10.12,13.4,2008,GAZ:Peru,0-0.05,soil metagenome,True,860,ENVO:Tropical humid forests,ENVO:tropical soil,PE6,-12.65,-71.23333333,4.12,False,lauber_88_soils,True,103,XXQIITAXX,65,-1600.0,oxisol,"Manu National Park, Peru",clay,Pyrosequencing-Based Assessment of Soil pH as a Predictor of Soil Bacterial Community Structure at the Continental Scale,33.4,0.0
103.PE1,2100,10.0,PE1,13.887,32.2,2008,GAZ:Peru,0-0.05,soil metagenome,True,3250,ENVO:Tropical humid forests,ENVO:tropical soil,PE1,-13.08333333,-71.58333333,4.12,False,lauber_88_soils,True,103,XXQIITAXX,35,-2500.0,inceptisol,"Manu National Park, Peru",sandy loam,Pyrosequencing-Based Assessment of Soil pH as a Predictor of Soil Bacterial Community Structure at the Continental Scale,134.2,0.0
103.TL3,400,-9.3,TL3,24.6,16.456,2008,GAZ:United States of America,0-0.05,soil metagenome,True,894,ENVO:shrubland,ENVO:shrubland,TL3,68.63333333,-149.58333330000005,4.23,False,lauber_88_soils,True,103,XXQIITAXX,52,-211.8,gelisol,"Toolik Lake LTER, AK USA",loam,Pyrosequencing-Based Assessment of Soil pH as a Predictor of Soil Bacterial Community Structure at the Continental Scale,53.9,0.0
103.HF1,1100,7.0,HF1,22.5,14.412,2008,GAZ:United States of America,0-0.05,soil metagenome,True,300,ENVO:Temperate broadleaf and mixed forest biome,ENVO:forest soil,HF1,42.5,-72.16666667,4.25,False,lauber_88_soils,True,103,XXQIITAXX,33,-483.9,inceptisol,"Harvard Forest, MA USA",sandy loam,Pyrosequencing-Based Assessment of Soil pH as a Predictor of Soil Bacterial Community Structure at the Continental Scale,127.6,0.0
103.PE3,5500,16.0,PE3,16.84,31.8,2008,GAZ:Peru,0-0.05,soil metagenome,True,2750,ENVO:Tropical humid forests,ENVO:tropical soil,PE3,-13.08333333,-71.58333333,4.25,False,lauber_88_soils,True,103,XXQIITAXX,40,-3270.0,inceptisol,"Manu National Park, Peru",sandy loam,Pyrosequencing-Based Assessment of Soil pH as a Predictor of Soil Bacterial Community Structure at the Continental Scale,130.9,0.0
103.MP2,2200,8.8,MP2,18.3,7.1160000000000005,2008,GAZ:United States of America,0-0.05,soil metagenome,True,1300,ENVO:Temperate broadleaf and mixed forest biome,ENVO:forest soil,MP2,49.46666667,-123.53333329999998,4.38,False,lauber_88_soils,True,103,XXQIITAXX,42,-1720.6,inceptisol,"Mary's Peak, OR USA",sandy loam,Pyrosequencing-Based Assessment of Soil pH as a Predictor of Soil Bacterial Community Structure at the Continental Scale,98.7,0.0
103.MP1,2200,8.8,MP1,14.7,5.636,2008,GAZ:United States of America,0-0.05,soil metagenome,True,1300,ENVO:Temperate grasslands,ENVO:grassland soil,MP1,49.46666667,-123.53333329999998,4.56,False,lauber_88_soils,True,103,XXQIITAXX,41,-1720.6,inceptisol,"Mary's Peak, OR USA",sandy loam,Pyrosequencing-Based Assessment of Soil pH as a Predictor of Soil Bacterial Community Structure at the Continental Scale,107.0,0.0
103.TL1,400,-9.3,TL1,18.7,9.241,2008,GAZ:United States of America,0-0.05,soil metagenome,True,894,ENVO:grassland,ENVO:grassland soil,TL1,68.63333333,-149.58333330000005,4.58,False,lauber_88_soils,True,103,XXQIITAXX,57,-211.8,gelisol,"Toolik Lake LTER, AK USA",loam,Pyrosequencing-Based Assessment of Soil pH as a Predictor of Soil Bacterial Community Structure at the Continental Scale,70.2,0.0
103.BB2,1200,6.1,BB2,21.4,2.2230000000000003,2008,GAZ:United States of America,0-0.05,soil metagenome,True,400,ENVO:Temperate broadleaf and mixed forest biome,ENVO:forest soil,BB2,44.86666667,-68.1,4.6,False,lauber_88_soils,True,103,XXQIITAXX,44,-680.2,spodosol,"Bear Brook, ME, USA",sandy loam,Pyrosequencing-Based Assessment of Soil pH as a Predictor of Soil Bacterial Community Structure at the Continental Scale,52.2,0.0
103.LQ3,4500,20.5,LQ3,22.6,3.686,2008,GAZ:Puerto Rico,0-0.05,soil metagenome,True,700,ENVO:Tropical humid forests,ENVO:tropical soil,LQ3,18.3,-65.83333333,4.67,False,lauber_88_soils,True,103,XXQIITAXX,35,-3528.2,inceptisol,"Luquillo LTER, Puerto Rico",sandy loam,Pyrosequencing-Based Assessment of Soil pH as a Predictor of Soil Bacterial Community Structure at the Continental Scale,64.1,0.0
103.LQ1,5000,19.3,LQ1,24.6,5.95,2008,GAZ:Puerto Rico,0-0.05,soil metagenome,True,1000,ENVO:Tropical humid forests,ENVO:tropical soil,LQ1,18.3,-65.83333333,4.89,False,lauber_88_soils,True,103,XXQIITAXX,64,-4111.8,inceptisol,"Luquillo LTER, Puerto Rico",silt loam,Pyrosequencing-Based Assessment of Soil pH as a Predictor of Soil Bacterial Community Structure at the Continental Scale,139.5,0.0
103.CL3,1250,15.9,CL3,24.3,4.145,2008,GAZ:United States of America,0-0.05,soil metagenome,True,150,ENVO:Temperate broadleaf and mixed forest biome,ENVO:forest soil,CL3,34.61666667,-81.66666667,4.89,False,lauber_88_soils,True,103,XXQIITAXX,19,-420.1,ultisol,"Calhoun Experimental Forest, SC USA",loamy sand,Pyrosequencing-Based Assessment of Soil pH as a Predictor of Soil Bacterial Community Structure at the Continental Scale,12.1,0.0
103.HI4,1500,22.8,HI4,15.1,22.822,2008,GAZ:United States of America,0-0.05,soil metagenome,True,1500,"ENVO:Tropical and subtropical grasslands, savannas, and shrubland biome",ENVO:grassland soil,HI4,20.08333333,-155.7,4.92,False,lauber_88_soils,True,103,XXQIITAXX,52,-392.4,andisol,"Kohala Peninsula, HI USA",loam,Pyrosequencing-Based Assessment of Soil pH as a Predictor of Soil Bacterial Community Structure at the Continental Scale,108.2,0.0
103.SN1,600,3.6,SN1,22.0,12.996,2008,GAZ:United States of America,0-0.05,soil metagenome,True,3000,ENVO:Temperate broadleaf and mixed forest biome,ENVO:forest soil,SN1,36.45,-118.1666667,4.95,False,lauber_88_soils,True,103,XXQIITAXX,20,-251.6,inceptisol,"Sierra Nevada Mts., CA USA",loamy sand,Pyrosequencing-Based Assessment of Soil pH as a Predictor of Soil Bacterial Community Structure at the Continental Scale,42.5,0.0
103.CL4,1250,15.9,CL4,13.7,2.234,2008,GAZ:United States of America,0-0.05,soil metagenome,True,150,ENVO:Temperate grasslands,ENVO:grassland soil,CL4,34.61666667,-81.66666667,5.03,False,lauber_88_soils,True,103,XXQIITAXX,36,-420.1,ultisol,"Calhoun Experimental Forest, SC USA",sandy loam,Pyrosequencing-Based Assessment of Soil pH as a Predictor of Soil Bacterial Community Structure at the Continental Scale,17.1,0.0
103.LQ2,3500,21.5,LQ2,13.0,7.816,2008,GAZ:Puerto Rico,0-0.05,soil metagenome,True,400,ENVO:Tropical humid forests,ENVO:tropical soil,LQ2,18.3,-65.83333333,5.03,False,lauber_88_soils,True,103,XXQIITAXX,84,-2454.2,inceptisol,"Luquillo LTER, Puerto Rico",silty clay loam,Pyrosequencing-Based Assessment of Soil pH as a Predictor of Soil Bacterial Community Structure at the Continental Scale,41.1,0.0
103.DF3,1100,14.6,DF3,25.8,4.149,2008,GAZ:United States of America,0-0.05,soil metagenome,True,150,ENVO:Temperate broadleaf and mixed forest biome,ENVO:forest soil,DF3,35.96666667,-79.08333333,5.05,False,lauber_88_soils,True,103,XXQIITAXX,20,-328.0,alfisol,"Duke Forest, NC USA",loamy sand,Pyrosequencing-Based Assessment of Soil pH as a Predictor of Soil Bacterial Community Structure at the Continental Scale,17.0,0.0
103.BZ1,260,-2.9,BZ1,19.4,4.185,2008,GAZ:United States of America,0-0.05,soil metagenome,True,300,ENVO:forest,ENVO:forest soil,BZ1,64.8,-148.25,5.12,False,lauber_88_soils,True,103,XXQIITAXX,80,132.6,gelisol,"Bonanza Creek LTER, AK USA",silt loam,Pyrosequencing-Based Assessment of Soil pH as a Predictor of Soil Bacterial Community Structure at the Continental Scale,30.3,0.0
103.SP2,750,3.6,SP2,15.9,6.535,2008,GAZ:United States of America,0-0.05,soil metagenome,True,3215,ENVO:Temperate grasslands,ENVO:grassland soil,SP2,36.61666667,-118.6333333,5.13,False,lauber_88_soils,True,103,XXQIITAXX,24,-401.6,entisol,"Sequoia National Park, CA USA",loamy sand,Pyrosequencing-Based Assessment of Soil pH as a Predictor of Soil Bacterial Community Structure at the Continental Scale,81.0,0.0
103.IE1,1200,8.6,IE1,11.8,7.536,2008,GAZ:United States of America,0-0.05,soil metagenome,True,75,ENVO:Temperate grasslands,ENVO:grassland soil,IE1,41.8,-73.75,5.27,False,lauber_88_soils,True,103,XXQIITAXX,49,-609.9,inceptisol,"Institute for Ecosystem Studies, NY USA",sandy loam,Pyrosequencing-Based Assessment of Soil pH as a Predictor of Soil Bacterial Community Structure at the Continental Scale,27.0,0.0
103.HJ2,2000,9.4,HJ2,26.1,4.532,2008,GAZ:United States of America,0-0.05,soil metagenome,True,700,ENVO:Temperate broadleaf and mixed forest biome,ENVO:forest soil,HJ2,44.21666667,-122.15,5.36,False,lauber_88_soils,True,103,XXQIITAXX,47,-1507.0,andisol,"H.J. Andrews Experimental Forest, OR USA",sandy loam,Pyrosequencing-Based Assessment of Soil pH as a Predictor of Soil Bacterial Community Structure at the Continental Scale,76.1,0.0
103.DF1,1100,14.6,DF1,37.7,13.201,2008,GAZ:United States of America,0-0.05,soil metagenome,True,163,ENVO:Temperate broadleaf and mixed forest biome,ENVO:forest soil,DF1,35.96666667,-79.08333333,5.37,False,lauber_88_soils,True,103,XXQIITAXX,43,-328.0,alfisol,"Duke Forest, NC USA",sandy loam,Pyrosequencing-Based Assessment of Soil pH as a Predictor of Soil Bacterial Community Structure at the Continental Scale,27.8,0.0
103.HJ1,2000,9.4,HJ1,36.6,5.079,2008,GAZ:United States of America,0-0.05,soil metagenome,True,700,ENVO:Temperate broadleaf and mixed forest biome,ENVO:forest soil,HJ1,44.21666667,-122.15,5.41,False,lauber_88_soils,True,103,XXQIITAXX,41,-1507.0,andisol,"H.J. Andrews Experimental Forest, OR USA",sandy loam,Pyrosequencing-Based Assessment of Soil pH as a Predictor of Soil Bacterial Community Structure at the Continental Scale,69.5,0.0
103.IT2,750,3.0,IT2,23.0,16.003,2008,GAZ:United States of America,0-0.05,soil metagenome,True,550,ENVO:Temperate broadleaf and mixed forest biome,ENVO:forest soil,IT2,47.18333333,-95.16666667,5.42,False,lauber_88_soils,True,103,XXQIITAXX,19,-262.1,spodosol,"Itasca Lake State Park, MN USA",loamy sand,Pyrosequencing-Based Assessment of Soil pH as a Predictor of Soil Bacterial Community Structure at the Continental Scale,39.1,0.0
103.SK1,467,0.4,SK1,31.6767,5.8,2008,GAZ:United States of America,0-0.05,soil metagenome,True,579,ENVO:forest,ENVO:forest soil,SK1,53.9,-104.7,5.45,False,lauber_88_soils,True,103,XXQIITAXX,21,-13.0,mollisol,"BOREAS site, Saskatchewan, Canada",loamy sand,Pyrosequencing-Based Assessment of Soil pH as a Predictor of Soil Bacterial Community Structure at the Continental Scale,11.6,0.0
103.PE7,4000,25.0,PE7,11.21,16.7,2008,GAZ:Peru,0-0.05,soil metagenome,True,440,ENVO:Tropical humid forests,ENVO:tropical soil,PE7,-12.65,-71.23333333,5.51,False,lauber_88_soils,True,103,XXQIITAXX,88,-1600.0,oxisol,"Manu National Park, Peru",silty clay,Pyrosequencing-Based Assessment of Soil pH as a Predictor of Soil Bacterial Community Structure at the Continental Scale,63.8,0.0
103.IE2,1200,8.6,IE2,13.2,11.422,2008,GAZ:United States of America,0-0.05,soil metagenome,True,75,ENVO:Temperate grasslands,ENVO:grassland soil,IE2,41.8,-73.75,5.52,False,lauber_88_soils,True,103,XXQIITAXX,49,-609.9,inceptisol,"Institute for Ecosystem Studies, NY USA",sandy loam,Pyrosequencing-Based Assessment of Soil pH as a Predictor of Soil Bacterial Community Structure at the Continental Scale,40.7,0.0
103.VC1,500,2.5,VC1,17.0,15.209,2008,GAZ:United States of America,0-0.05,soil metagenome,True,2746,ENVO:forest,ENVO:forest soil,VC1,35.9,-106.55,5.55,False,lauber_88_soils,True,103,XXQIITAXX,41,-174.5,mollisol,"Valles Caldera, NM USA",sandy loam,Pyrosequencing-Based Assessment of Soil pH as a Predictor of Soil Bacterial Community Structure at the Continental Scale,56.7,0.0
103.CL2,1250,15.9,CL2,12.8,4.07,2008,GAZ:United States of America,0-0.05,soil metagenome,True,150,ENVO:Temperate grasslands,ENVO:grassland soil,CL2,34.61666667,-81.66666667,5.57,False,lauber_88_soils,True,103,XXQIITAXX,25,-420.1,ultisol,"Calhoun Experimental Forest, SC USA",sandy loam,Pyrosequencing-Based Assessment of Soil pH as a Predictor of Soil Bacterial Community Structure at the Continental Scale,22.7,0.0
103.CO2,350,6.1,CO2,31.8,9.223,2008,GAZ:United States of America,0-0.05,soil metagenome,True,2400,ENVO:forest,ENVO:forest soil,CO2,40.58333333,-105.3333333,5.68,False,lauber_88_soils,True,103,XXQIITAXX,24,104.0,alfisol,"Fort Collins, CO USA",sandy loam,Pyrosequencing-Based Assessment of Soil pH as a Predictor of Soil Bacterial Community Structure at the Continental Scale,18.1,0.0
103.CL1,1250,15.9,CL1,19.6,4.642,2008,GAZ:United States of America,0-0.05,soil metagenome,True,150,ENVO:Temperate broadleaf and mixed forest biome,ENVO:forest soil,CL1,34.61666667,-81.66666667,5.68,False,lauber_88_soils,True,103,XXQIITAXX,35,-420.1,ultisol,"Calhoun Experimental Forest, SC USA",sandy loam,Pyrosequencing-Based Assessment of Soil pH as a Predictor of Soil Bacterial Community Structure at the Continental Scale,23.3,0.0
103.SN3,600,3.6,SN3,13.9,6.289,2008,GAZ:United States of America,0-0.05,soil metagenome,True,3000,ENVO:shrubland,ENVO:shrubland,SN3,36.45,-118.1666667,5.74,False,lauber_88_soils,True,103,XXQIITAXX,20,-251.6,inceptisol,"Sierra Nevada Mts., CA USA",loamy sand,Pyrosequencing-Based Assessment of Soil pH as a Predictor of Soil Bacterial Community Structure at the Continental Scale,16.6,0.0
103.IT1,750,3.0,IT1,22.5,16.079,2008,GAZ:United States of America,0-0.05,soil metagenome,True,550,ENVO:Temperate broadleaf and mixed forest biome,ENVO:forest soil,IT1,47.16666667,-95.16666667,5.78,False,lauber_88_soils,True,103,XXQIITAXX,27,-262.1,spodosol,"Itasca Lake State Park, MN USA",sandy loam,Pyrosequencing-Based Assessment of Soil pH as a Predictor of Soil Bacterial Community Structure at the Continental Scale,63.1,0.0
103.AR1,1400,23.0,AR1,8.98,4.3,2008,GAZ:Argentina,0-0.05,soil metagenome,True,150,ENVO:Tropical humid forests,ENVO:tropical soil,AR1,-27.73333333,-55.68333333,5.8,False,lauber_88_soils,True,103,XXQIITAXX,80,-206.0,oxisol,"Misiones, Argentina",clay,Pyrosequencing-Based Assessment of Soil pH as a Predictor of Soil Bacterial Community Structure at the Continental Scale,22.1,0.0
103.SK3,467,0.4,SK3,14.135,3.7,2008,GAZ:United States of America,0-0.05,soil metagenome,True,601,ENVO:forest,ENVO:forest soil,SK3,53.6,-106.2,5.83,False,lauber_88_soils,True,103,XXQIITAXX,55,-13.0,mollisol,"BOREAS site, Saskatchewan, Canada",loam,Pyrosequencing-Based Assessment of Soil pH as a Predictor of Soil Bacterial Community Structure at the Continental Scale,8.5,0.0
103.AR3,1400,23.0,AR3,9.844,4.5,2008,GAZ:Argentina,0-0.05,soil metagenome,True,150,ENVO:Tropical humid forests,ENVO:tropical soil,AR3,-27.73333333,-55.68333333,5.9,False,lauber_88_soils,True,103,XXQIITAXX,82,-206.0,oxisol,"Misiones, Argentina",clay,Pyrosequencing-Based Assessment of Soil pH as a Predictor of Soil Bacterial Community Structure at the Continental Scale,24.4,0.0
103.VC2,500,2.5,VC2,11.5,6.265,2008,GAZ:United States of America,0-0.05,soil metagenome,True,2733,ENVO:grassland,ENVO:grassland soil,VC2,35.9,-106.55,5.99,False,lauber_88_soils,True,103,XXQIITAXX,59,-174.5,mollisol,"Valles Caldera, NM USA",loam,Pyrosequencing-Based Assessment of Soil pH as a Predictor of Soil Bacterial Community Structure at the Continental Scale,34.4,0.0
103.AR2,1400,23.0,AR2,9.36,3.9,2008,GAZ:Argentina,0-0.05,soil metagenome,True,150,ENVO:Tropical humid forests,ENVO:tropical soil,AR2,-27.73333333,-55.68333333,6.0,False,lauber_88_soils,True,103,XXQIITAXX,78,-206.0,oxisol,"Misiones, Argentina",clay,Pyrosequencing-Based Assessment of Soil pH as a Predictor of Soil Bacterial Community Structure at the Continental Scale,21.7,0.0
103.CO3,322,9.3,CO3,11.7,2.443,2008,GAZ:United States of America,0-0.05,soil metagenome,True,1500,ENVO:grassland,ENVO:grassland soil,CO3,40.8,-104.8333333,6.02,False,lauber_88_soils,True,103,XXQIITAXX,24,230.6,mollisol,"Shortgrass Steppe LTER, CO USA",sandy loam,Pyrosequencing-Based Assessment of Soil pH as a Predictor of Soil Bacterial Community Structure at the Continental Scale,8.2,0.0
103.CC1,720,5.8,CC1,14.5,4.204,2008,GAZ:United States of America,0-0.05,soil metagenome,True,110,ENVO:Temperate grasslands,ENVO:grassland soil,CC1,45.4,-93.2,6.06,False,lauber_88_soils,True,103,XXQIITAXX,11,-143.3,inceptisol,"Cedar Creek LTER, MN USA",sand,Pyrosequencing-Based Assessment of Soil pH as a Predictor of Soil Bacterial Community Structure at the Continental Scale,19.1,0.0
103.CO1,600,-3.0,CO1,19.1,4.477,2008,GAZ:United States of America,0-0.05,soil metagenome,True,3800,ENVO:forest,ENVO:forest soil,CO1,40.4,-105.7,6.13,False,lauber_88_soils,True,103,XXQIITAXX,14,-308.8,inceptisol,"Fort Collins, CO USA",sand,Pyrosequencing-Based Assessment of Soil pH as a Predictor of Soil Bacterial Community Structure at the Continental Scale,15.9,0.0
103.SK2,467,0.4,SK2,24.345,6.5,2008,GAZ:United States of America,0-0.05,soil metagenome,True,601,ENVO:forest,ENVO:forest soil,SK2,53.98333333,-105.2,6.18,False,lauber_88_soils,True,103,XXQIITAXX,35,-13.0,mollisol,"BOREAS site, Saskatchewan, Canada",sandy loam,Pyrosequencing-Based Assessment of Soil pH as a Predictor of Soil Bacterial Community Structure at the Continental Scale,24.9,0.0
103.SP1,650,12.7,SP1,18.5,7.709,2008,GAZ:United States of America,0-0.05,soil metagenome,True,650,ENVO:shrubland,ENVO:shrubland,SP1,36.5,-118.7,6.25,False,lauber_88_soils,True,103,XXQIITAXX,36,16.6,inceptisol,"Sequoia National Park, CA USA",sandy loam,Pyrosequencing-Based Assessment of Soil pH as a Predictor of Soil Bacterial Community Structure at the Continental Scale,16.8,0.0
103.HI2,750,22.8,HI2,11.0,11.805,2008,GAZ:United States of America,0-0.05,soil metagenome,True,1000,"ENVO:Tropical and subtropical grasslands, savannas, and shrubland biome",ENVO:grassland soil,HI2,20.08333333,-155.7,6.32,False,lauber_88_soils,True,103,XXQIITAXX,36,357.6,andisol,"Kohala Peninsula, HI USA",sandy loam,Pyrosequencing-Based Assessment of Soil pH as a Predictor of Soil Bacterial Community Structure at the Continental Scale,158.8,0.0
103.KP1,835,12.5,KP1,13.6,4.324,2008,GAZ:United States of America,0-0.05,soil metagenome,True,100,ENVO:Temperate grasslands,ENVO:grassland soil,KP1,39.1,-96.6,6.37,False,lauber_88_soils,True,103,XXQIITAXX,78,-80.5,mollisol,"Konza Prairie LTER, KS USA",silt loam,Pyrosequencing-Based Assessment of Soil pH as a Predictor of Soil Bacterial Community Structure at the Continental Scale,61.2,0.0
103.HI1,250,22.8,HI1,11.8,0.529,2008,GAZ:United States of America,0-0.05,soil metagenome,True,700,"ENVO:Tropical and subtropical grasslands, savannas, and shrubland biome",ENVO:grassland soil,HI1,20.08333333,-155.7,6.45,False,lauber_88_soils,True,103,XXQIITAXX,58,857.6,aridisol,"Kohala Peninsula, HI USA",loam,Pyrosequencing-Based Assessment of Soil pH as a Predictor of Soil Bacterial Community Structure at the Continental Scale,11.4,0.0
103.TL2,400,-9.3,TL2,16.6,12.092,2008,GAZ:United States of America,0-0.05,soil metagenome,True,894,ENVO:shrubland,ENVO:shrubland,TL2,68.63333333,-149.58333330000005,6.47,False,lauber_88_soils,True,103,XXQIITAXX,61,-211.8,gelisol,"Toolik Lake LTER, AK USA",silt loam,Pyrosequencing-Based Assessment of Soil pH as a Predictor of Soil Bacterial Community Structure at the Continental Scale,158.3,0.0
103.HI3,1000,22.8,HI3,11.2,13.285,2008,GAZ:United States of America,0-0.05,soil metagenome,True,1500,"ENVO:Tropical and subtropical grasslands, savannas, and shrubland biome",ENVO:grassland soil,HI3,20.08333333,-155.7,6.53,False,lauber_88_soils,True,103,XXQIITAXX,25,107.6,andisol,"Kohala Peninsula, HI USA",loamy sand,Pyrosequencing-Based Assessment of Soil pH as a Predictor of Soil Bacterial Community Structure at the Continental Scale,182.4,0.0
103.MT2,450,7.0,MT2,23.087,19.7,2008,GAZ:United States of America,0-0.05,soil metagenome,True,1000,ENVO:forest,ENVO:forest soil,MT2,46.8,-114.0,6.66,False,lauber_88_soils,True,103,XXQIITAXX,35,70.0,inceptisol,"Missoula, MT USA",sandy loam,Pyrosequencing-Based Assessment of Soil pH as a Predictor of Soil Bacterial Community Structure at the Continental Scale,39.1,0.0
103.GB1,400,2.0,GB1,12.2,6.098,2008,GAZ:United States of America,0-0.05,soil metagenome,True,3750,ENVO:grassland,ENVO:grassland soil,GB1,39.33333333,-111.45,6.84,False,lauber_88_soils,True,103,XXQIITAXX,77,-112.3,mollisol,"Great Basin Experimental Range, UT USA",clay loam,Pyrosequencing-Based Assessment of Soil pH as a Predictor of Soil Bacterial Community Structure at the Continental Scale,28.2,0.0
103.DF2,1100,14.6,DF2,18.3,20.411,2008,GAZ:United States of America,0-0.05,soil metagenome,True,163,ENVO:Temperate broadleaf and mixed forest biome,ENVO:forest soil,DF2,35.96666667,-79.08333333,6.84,False,lauber_88_soils,True,103,XXQIITAXX,53,-328.0,alfisol,"Duke Forest, NC USA",loam,Pyrosequencing-Based Assessment of Soil pH as a Predictor of Soil Bacterial Community Structure at the Continental Scale,54.5,0.0
103.SR1,500,17.2,SR1,11.1,6.119,2008,GAZ:United States of America,0-0.05,soil metagenome,True,300,ENVO:shrubland,ENVO:shrubland,SR1,34.7,-120.05,6.84,False,lauber_88_soils,True,103,XXQIITAXX,55,323.8,mollisol,"Sedgwick Reserve, CA USA",loam,Pyrosequencing-Based Assessment of Soil pH as a Predictor of Soil Bacterial Community Structure at the Continental Scale,45.9,0.0
103.SA1,400,10.3,SA1,18.2,3.821,2008,GAZ:United States of America,0-0.05,soil metagenome,True,1905,ENVO:forest,ENVO:forest soil,SA1,35.36666667,-111.55,6.9,False,lauber_88_soils,True,103,XXQIITAXX,9,198.1,entisol,"Sunset Crater, AZ USA",sand,Pyrosequencing-Based Assessment of Soil pH as a Predictor of Soil Bacterial Community Structure at the Continental Scale,22.9,0.0
103.SR3,500,17.2,SR3,11.0,7.154,2008,GAZ:United States of America,0-0.05,soil metagenome,True,300,ENVO:shrubland,ENVO:shrubland,SR3,34.68333333,-120.05,6.95,False,lauber_88_soils,True,103,XXQIITAXX,61,323.8,mollisol,"Sedgwick Reserve, CA USA",loam,Pyrosequencing-Based Assessment of Soil pH as a Predictor of Soil Bacterial Community Structure at the Continental Scale,33.0,0.0
103.KP4,835,12.5,KP4,13.892,16.0,2008,GAZ:United States of America,0-0.05,soil metagenome,True,100,ENVO:shrubland,ENVO:grassland soil,KP4,39.1,-96.6,7.1,False,lauber_88_soils,True,103,XXQIITAXX,77,-80.5,mollisol,"Konza Prairie LTER, KS USA",silt loam,Pyrosequencing-Based Assessment of Soil pH as a Predictor of Soil Bacterial Community Structure at the Continental Scale,39.8,0.0
103.GB3,400,2.0,GB3,14.3,6.244,2008,GAZ:United States of America,0-0.05,soil metagenome,True,3270,ENVO:forest,ENVO:forest soil,GB3,39.31666667,-111.48333329999998,7.18,False,lauber_88_soils,True,103,XXQIITAXX,76,-112.3,mollisol,"Great Basin Experimental Range, UT USA",clay loam,Pyrosequencing-Based Assessment of Soil pH as a Predictor of Soil Bacterial Community Structure at the Continental Scale,57.1,0.0
103.CA1,400,10.3,CA1,13.0,2.276,2008,GAZ:United States of America,0-0.05,soil metagenome,True,2003,ENVO:forest,ENVO:forest soil,CA1,36.05,-111.76666670000002,7.27,False,lauber_88_soils,True,103,XXQIITAXX,73,198.1,alfisol,"Cedar Mtn. AZ, USA",silt loam,Pyrosequencing-Based Assessment of Soil pH as a Predictor of Soil Bacterial Community Structure at the Continental Scale,16.7,0.0
103.BP1,450,6.6,BP1,14.5,7.7360000000000015,2008,GAZ:United States of America,0-0.05,soil metagenome,True,1100,ENVO:grassland,ENVO:grassland soil,BP1,43.75,-102.3833333,7.53,False,lauber_88_soils,True,103,XXQIITAXX,65,79.2,entisol,"Badlands National Park, SD USA",silt loam,Pyrosequencing-Based Assessment of Soil pH as a Predictor of Soil Bacterial Community Structure at the Continental Scale,31.0,0.0
103.MT1,450,7.0,MT1,16.007,26.9,2008,GAZ:United States of America,0-0.05,soil metagenome,True,1000,ENVO:forest,ENVO:forest soil,MT1,46.8,-114.0,7.57,False,lauber_88_soils,True,103,XXQIITAXX,30,70.0,inceptisol,"Missoula, MT USA",sandy loam,Pyrosequencing-Based Assessment of Soil pH as a Predictor of Soil Bacterial Community Structure at the Continental Scale,105.4,0.0
103.GB2,400,2.0,GB2,13.1,5.375,2008,GAZ:United States of America,0-0.05,soil metagenome,True,3290,ENVO:forest,ENVO:forest soil,GB2,39.31666667,-111.46666670000002,7.57,False,lauber_88_soils,True,103,XXQIITAXX,65,-112.3,mollisol,"Great Basin Experimental Range, UT USA",loam,Pyrosequencing-Based Assessment of Soil pH as a Predictor of Soil Bacterial Community Structure at the Continental Scale,68.9,0.0
103.JT1,90,16.0,JT1,11.668,11.7,2008,GAZ:United States of America,0-0.05,soil metagenome,True,1360,ENVO:shrubland,ENVO:shrubland,JT1,33.96666667,-116.0666667,7.6,False,lauber_88_soils,True,103,XXQIITAXX,18,1032.0,aridisol,"Joshua Tree National Park, CA USA",loamy sand,Pyrosequencing-Based Assessment of Soil pH as a Predictor of Soil Bacterial Community Structure at the Continental Scale,6.9,0.0
103.MD2,150,21.0,MD2,8.8,1.97,2008,GAZ:United States of America,0-0.05,soil metagenome,True,967,ENVO:shrubland,ENVO:shrubland,MD2,34.9,-115.6,7.65,False,lauber_88_soils,True,103,XXQIITAXX,26,1053.8,aridisol,"Mojave Desert, CA USA",sandy loam,Pyrosequencing-Based Assessment of Soil pH as a Predictor of Soil Bacterial Community Structure at the Continental Scale,4.2,0.0
103.SF1,250,13.0,SF1,9.92,7.6,2008,GAZ:United States of America,0-0.05,soil metagenome,True,1500,ENVO:shrubland,ENVO:shrubland,SF1,35.38333333,-105.9333333,7.71,False,lauber_88_soils,True,103,XXQIITAXX,60,494.0,aridisol,"Santa Fe, NM USA",clay loam,Pyrosequencing-Based Assessment of Soil pH as a Predictor of Soil Bacterial Community Structure at the Continental Scale,14.2,6.9
103.CM1,850,18.5,CM1,12.4,2.043,2008,GAZ:United States of America,0-0.05,soil metagenome,True,200,ENVO:Temperate grasslands,ENVO:grassland soil,CM1,33.3,-96.23333333,7.85,False,lauber_88_soils,True,103,XXQIITAXX,82,155.2,mollisol,"Clymer Meadow Preserve, TX USA",silty clay,Pyrosequencing-Based Assessment of Soil pH as a Predictor of Soil Bacterial Community Structure at the Continental Scale,29.9,10.2
103.MD3,150,21.0,MD3,6.8,0.927,2008,GAZ:United States of America,0-0.05,soil metagenome,True,776,ENVO:shrubland,ENVO:shrubland,MD3,34.9,-115.65,7.9,False,lauber_88_soils,True,103,XXQIITAXX,19,1053.8,aridisol,"Mojave Desert, CA USA",loamy sand,Pyrosequencing-Based Assessment of Soil pH as a Predictor of Soil Bacterial Community Structure at the Continental Scale,1.2,0.0
103.SB1,550,15.0,SB1,16.9,7.166,2008,GAZ:United States of America,0-0.05,soil metagenome,True,500,ENVO:shrubland,ENVO:shrubland,SB1,34.46666667,-119.8,7.92,False,lauber_88_soils,True,103,XXQIITAXX,54,152.8,inceptisol,"Santa Barbara, CA USA",loam,Pyrosequencing-Based Assessment of Soil pH as a Predictor of Soil Bacterial Community Structure at the Continental Scale,26.5,0.0
103.RT1,840,18.1,RT1,12.3,1.852,2008,GAZ:United States of America,0-0.05,soil metagenome,True,50,ENVO:shrubland,ENVO:shrubland,RT1,31.46666667,-96.86666667,7.92,False,lauber_88_soils,True,103,XXQIITAXX,82,134.5,mollisol,"USDA Grassland Research Center, Riesel, TX USA",silty clay loam,Pyrosequencing-Based Assessment of Soil pH as a Predictor of Soil Bacterial Community Structure at the Continental Scale,39.4,18.0
103.KP3,835,12.5,KP3,17.7,1.948,2008,GAZ:United States of America,0-0.05,soil metagenome,True,100,ENVO:shrubland,ENVO:shrubland,KP3,39.1,-96.6,7.92,False,lauber_88_soils,True,103,XXQIITAXX,76,-80.5,mollisol,"Konza Prairie LTER, KS USA",silt loam,Pyrosequencing-Based Assessment of Soil pH as a Predictor of Soil Bacterial Community Structure at the Continental Scale,68.9,0.0
103.SR2,500,17.2,SR2,11.1,2.461,2008,GAZ:United States of America,0-0.05,soil metagenome,True,300,ENVO:shrubland,ENVO:shrubland,SR2,34.68333333,-120.03333329999998,8.0,False,lauber_88_soils,True,103,XXQIITAXX,48,323.8,mollisol,"Sedgwick Reserve, CA USA",sandy loam,Pyrosequencing-Based Assessment of Soil pH as a Predictor of Soil Bacterial Community Structure at the Continental Scale,14.6,0.0
103.CR1,850,18.4,CR1,10.7,3.0780000000000003,2008,GAZ:United States of America,0-0.05,soil metagenome,True,250,ENVO:Temperate grasslands,ENVO:grassland soil,CR1,33.93333333,-97.23333333,8.0,False,lauber_88_soils,True,103,XXQIITAXX,64,160.1,mollisol,"Coffey Ranch, TX USA",loam,Pyrosequencing-Based Assessment of Soil pH as a Predictor of Soil Bacterial Community Structure at the Continental Scale,28.3,10.9
103.CA2,400,10.3,CA2,13.6,1.63,2008,GAZ:United States of America,0-0.05,soil metagenome,True,2003,ENVO:shrubland,ENVO:shrubland,CA2,36.05,-111.76666670000002,8.02,False,lauber_88_soils,True,103,XXQIITAXX,74,198.1,alfisol,"Cedar Mtn. AZ, USA",silt loam,Pyrosequencing-Based Assessment of Soil pH as a Predictor of Soil Bacterial Community Structure at the Continental Scale,21.5,0.0
103.RT2,840,18.1,RT2,12.0,1.646,2008,GAZ:United States of America,0-0.05,soil metagenome,True,50,ENVO:Temperate grasslands,ENVO:grassland soil,RT2,31.46666667,-96.86666667,8.07,False,lauber_88_soils,True,103,XXQIITAXX,80,134.5,mollisol,"USDA Grassland Research Center, Riesel, TX USA",silty clay loam,Pyrosequencing-Based Assessment of Soil pH as a Predictor of Soil Bacterial Community Structure at the Continental Scale,37.5,15.8
103.MD5,150,21.0,MD5,9.5,5.931,2008,GAZ:United States of America,0-0.05,soil metagenome,True,776,ENVO:shrubland,ENVO:shrubland,MD5,35.2,-115.8666667,8.07,False,lauber_88_soils,True,103,XXQIITAXX,20,1086.7,aridisol,"Mojave Desert, CA USA",loamy sand,Pyrosequencing-Based Assessment of Soil pH as a Predictor of Soil Bacterial Community Structure at the Continental Scale,5.7,1.8
103.SA2,400,10.3,SA2,17.0,6.317,2008,GAZ:United States of America,0-0.05,soil metagenome,True,1905,ENVO:shrubland,ENVO:shrubland,SA2,35.36666667,-111.55,8.1,False,lauber_88_soils,True,103,XXQIITAXX,8,198.1,entisol,"Sunset Crater, AZ USA",sand,Pyrosequencing-Based Assessment of Soil pH as a Predictor of Soil Bacterial Community Structure at the Continental Scale,25.0,0.0
103.GB5,400,4.8,GB5,11.8,6.339,2008,GAZ:United States of America,0-0.05,soil metagenome,True,2160,ENVO:shrubland,ENVO:shrubland,GB5,39.35,-111.5833333,8.22,False,lauber_88_soils,True,103,XXQIITAXX,70,-47.4,mollisol,"Great Basin Experimental Range, UT USA",silt loam,Pyrosequencing-Based Assessment of Soil pH as a Predictor of Soil Bacterial Community Structure at the Continental Scale,16.8,10.7
103.SV1,210,13.5,SV1,5.0,2.036,2008,GAZ:United States of America,0-0.05,soil metagenome,True,1480,ENVO:shrubland,ENVO:shrubland,SV1,34.33333333,-106.73333329999998,8.31,False,lauber_88_soils,True,103,XXQIITAXX,22,443.6,aridisol,"Sevilleta LTER, NM USA",sandy loam,Pyrosequencing-Based Assessment of Soil pH as a Predictor of Soil Bacterial Community Structure at the Continental Scale,3.0,5.3
103.SF2,250,13.0,SF2,8.14,4.0,2008,GAZ:United States of America,0-0.05,soil metagenome,True,1500,ENVO:shrubland,ENVO:shrubland,SF2,35.38333333,-105.9333333,8.38,False,lauber_88_soils,True,103,XXQIITAXX,58,494.0,aridisol,"Santa Fe, NM USA",clay loam,Pyrosequencing-Based Assessment of Soil pH as a Predictor of Soil Bacterial Community Structure at the Continental Scale,4.2,7.4
103.SV2,210,13.5,SV2,4.6,1.403,2008,GAZ:United States of America,0-0.05,soil metagenome,True,1480,ENVO:grassland,ENVO:grassland soil,SV2,34.33333333,-106.73333329999998,8.44,False,lauber_88_soils,True,103,XXQIITAXX,20,443.6,aridisol,"Sevilleta LTER, NM USA",loamy sand,Pyrosequencing-Based Assessment of Soil pH as a Predictor of Soil Bacterial Community Structure at the Continental Scale,2.3,4.0
103.MD4,150,21.0,MD4,5.6,0.184,2008,GAZ:United States of America,0-0.05,soil metagenome,True,776,ENVO:shrubland,ENVO:shrubland,MD4,35.2,-115.8666667,8.86,False,lauber_88_soils,True,103,XXQIITAXX,47,1086.7,aridisol,"Mojave Desert, CA USA",sandy loam,Pyrosequencing-Based Assessment of Soil pH as a Predictor of Soil Bacterial Community Structure at the Continental Scale,1.2,3.9
